player_name,season,source,note,g,mp,fg,fga,ft,fta,orb,trb,ast,stl,blk,tov,pf,pts,source_url
Napheesa Collier,2025,wnba_com,All-Star and Cup finalist: both extra games must be excluded,33,1065,275,518,155,171,62,241,105,54,50,70,78,755,https://github.com/sportsdataverse/sportsdataverse-data/releases/download/wnba_stats_player_game_logs/player_game_logs_2025.parquet
Brittney Sykes,2025,wnba_com,Traded mid-season (Mystics to Storm) and All-Star: TOT row,39,1194,174,457,171,219,20,123,155,48,14,98,99,550,https://github.com/sportsdataverse/sportsdataverse-data/releases/download/wnba_stats_player_game_logs/player_game_logs_2025.parquet
A'ja Wilson,2024,wnba_com,High-usage star; All-Star (Team USA),38,1307,385,743,232,275,79,451,88,68,98,48,67,1021,https://github.com/sportsdataverse/sportsdataverse-data/releases/download/wnba_stats_player_game_logs/player_game_logs_2024.parquet
Caitlin Clark,2024,wnba_com,Rookie guard; All-Star (Team WNBA),40,1416,242,580,163,180,14,227,337,53,27,223,111,769,https://github.com/sportsdataverse/sportsdataverse-data/releases/download/wnba_stats_player_game_logs/player_game_logs_2024.parquet
Maya Moore,2015,wnba_com,2015 All-Star under the WEST roster name (tests the East/West rule),33,1103,238,566,136,159,62,221,116,54,26,77,94,681,https://github.com/sportsdataverse/sportsdataverse-data/releases/download/wnba_stats_player_game_logs/player_game_logs_2015.parquet
Breanna Stewart,2021,wnba_com,2021 Storm: unlabelled Cup final (game_id override) plus All-Star,28,935,194,442,133,157,34,267,76,33,49,47,51,569,https://github.com/sportsdataverse/sportsdataverse-data/releases/download/wnba_stats_player_game_logs/player_game_logs_2021.parquet
Arike Ogunbowale,2020,wnba_com,22-game bubble season with no All-Star Game,22,748,173,420,107,125,10,61,75,34,0,45,53,501,https://github.com/sportsdataverse/sportsdataverse-data/releases/download/wnba_stats_player_game_logs/player_game_logs_2020.parquet
Sydney Colson,2023,wnba_com,Low-minutes bench player (under 5 minutes a game),28,139,12,27,5,6,4,12,22,9,1,6,24,35,https://github.com/sportsdataverse/sportsdataverse-data/releases/download/wnba_stats_player_game_logs/player_game_logs_2023.parquet
Napheesa Collier,2025,basketball_reference,All-Star and Cup finalist: both extra games must be excluded,33,1065,275,518,155,171,62,241,105,54,50,70,78,755,https://www.basketball-reference.com/wnba/players/c/collina01w.html
Aneesah Morrow,2026,basketball_reference,Traded mid-season (Sun to Tempo): compared to the combined TOT row,27,599,114,270,45,70,69,224,39,24,13,42,59,296,https://www.basketball-reference.com/wnba/players/m/morroan02w.html
Brittney Sykes,2025,basketball_reference,Traded mid-season (Mystics to Storm) and All-Star: TOT row,39,1194,174,457,171,219,20,123,155,48,14,98,99,550,https://www.basketball-reference.com/wnba/players/s/sykesbr01w.html
A'ja Wilson,2024,basketball_reference,High-usage star; All-Star (Team USA),38,1308,385,743,232,275,79,451,88,68,98,48,67,1021,https://www.basketball-reference.com/wnba/players/w/wilsoa01w.html
Caitlin Clark,2024,basketball_reference,Rookie guard; All-Star (Team WNBA),40,1416,242,580,163,180,14,227,337,53,27,223,111,769,https://www.basketball-reference.com/wnba/players/c/clarkca02w.html
Maya Moore,2015,basketball_reference,2015 All-Star under the WEST roster name (tests the East/West rule),33,1102,238,566,136,159,62,222,115,56,26,79,94,681,https://www.basketball-reference.com/wnba/players/m/moorema01w.html
Breanna Stewart,2021,basketball_reference,2021 Storm: unlabelled Cup final (game_id override) plus All-Star,28,934,194,442,133,157,34,268,76,33,48,46,51,569,https://www.basketball-reference.com/wnba/players/s/stewabr01w.html
Arike Ogunbowale,2020,basketball_reference,22-game bubble season with no All-Star Game,22,748,173,419,107,125,10,61,76,35,0,47,54,501,https://www.basketball-reference.com/wnba/players/o/ogunbar01w.html
Sydney Colson,2023,basketball_reference,Low-minutes bench player (under 5 minutes a game),28,135,12,27,5,6,4,12,22,9,1,6,24,35,https://www.basketball-reference.com/wnba/players/c/colsosy01w.html
